offer_id,campaign_id,product_name,merchant,merchant_product_id,variant,canonical_url,creative_product_name,creative_variant,expected_landing_product,expected_landing_variant,identity_status,availability_status,price_checked_at,destination_checked_at,affiliate_status,publish_status,notes
UNDER_SINK_001,CMP_UNDER_SINK_001,under-sink-organizer,amazon.in,B0C1KNTF2Y,40 x 21 x 39 cm,https://www.amazon.in/dp/B0C1KNTF2Y,wolpin Under Sink Rectangle Organizer Storage Rack 2-Tier,40 x 21 x 39 cm,wolpin Under Sink Rectangle Organizer Storage Rack 2-Tier,40 x 21 x 39 cm,VERIFIED,IN_STOCK,2026-08-16,2026-08-16,ACTIVE,READY,"Identity and availability live-verified 2026-08-16; tracking_id rioaffiliate-21."
SPICE_RACK_001,CMP_SPICE_RACK_001,spice-rack,amazon.in,B07P5Z9SQN,16 pieces; Light Brown (SOKT66),https://www.amazon.in/dp/B07P5Z9SQN,Amazon Solimo Plastic Revolving Spice Rack Set of 16 Pieces SOKT66,16 pieces; Light Brown,Amazon Solimo Plastic Revolving Spice Rack Set of 16 Pieces SOKT66,16 pieces; Light Brown,VERIFIED,IN_STOCK,2026-08-16,2026-08-16,ACTIVE,READY,"Identity and availability live-verified 2026-08-16; tracking_id rioaffiliate-21."
TROLLEY_001,CMP_TROLLEY_001,"Amazon Basics Slim Rolling Storage Rack, 3-Tiered Shelf Plastic Slide-Out Organizer",amazon.in,B08BVJYLZ3,"White; 3-Tier; 12.4D x 54.2W x 71.8H cm; wheeled, foldable",https://www.amazon.in/dp/B08BVJYLZ3,"Amazon Basics Slim Rolling Storage Rack, 3-Tiered Shelf Plastic Slide-Out Organizer, White","White; 3-Tier; 12.4D x 54.2W x 71.8H cm; wheeled, foldable","Amazon Basics Slim Rolling Storage Rack, 3-Tiered Shelf Plastic Slide-Out Organizer, White","White; 3-Tier; 12.4D x 54.2W x 71.8H cm; wheeled, foldable",VERIFIED,IN_STOCK,2026-08-16,2026-08-16,ACTIVE,READY,"Live-verified 2026-08-16 and activated; tracking_id rioaffiliate-21."
CONTAINER_001,CMP_CONTAINER_001,Signoraware Family Fresh Tab BPA Free Plastic Containers Set,amazon.in,B0753ZQDR7,MultiColour; Set of 4 (2.5L+1.2L+500ml+160ml),https://www.amazon.in/dp/B0753ZQDR7,Signoraware Family Fresh Tab BPA-Free Airtight Container Set (2.5L + 1.2L + 500ml + 160ml),MultiColour; Set of 4 (2.5L+1.2L+500ml+160ml),Signoraware Family Fresh Tab BPA-Free Airtight Container Set (2.5L + 1.2L + 500ml + 160ml),MultiColour; Set of 4 (2.5L+1.2L+500ml+160ml),VERIFIED,IN_STOCK,2026-08-16,2026-08-16,ACTIVE,READY,"Live-verified 2026-08-16 and activated; tracking_id rioaffiliate-21."
DRAWER_001,CMP_DRAWER_001,Purawood Expandable Cutlery Drawer Organizer for Kitchen,amazon.in,B0H9MM6BPD,"Black; Large, Adjustable; 2 Removable Slots",https://www.amazon.in/dp/B0H9MM6BPD,"Purawood Expandable Cutlery Drawer Organizer, 2 Removable Slots, BPA-Free, Black","Black; Large, Adjustable; 2 Removable Slots","Purawood Expandable Cutlery Drawer Organizer, 2 Removable Slots, BPA-Free, Black","Black; Large, Adjustable; 2 Removable Slots",VERIFIED,IN_STOCK,2026-08-16,2026-08-16,ACTIVE,READY,"Live-verified 2026-08-16 and activated; tracking_id rioaffiliate-21."
NODRILL_001,CMP_NODRILL_001,"Nieifi KIMEE Set of 2 Metal Bathroom Corner Shelf, No-Drill Self Adhesive Wall Mounted Storage Rack",amazon.in,B0H2Q3875J,Black; Set of 2; 8 and 9 Inch,https://www.amazon.in/dp/B0H2Q3875J,"Nieifi KIMEE Set of 2 Metal Corner Shelf, Rustproof No-Drill Self-Adhesive Wall Mount (8 & 9 Inch)",Black; Set of 2; 8 and 9 Inch,"Nieifi KIMEE Set of 2 Metal Corner Shelf, Rustproof No-Drill Self-Adhesive Wall Mount (8 & 9 Inch)",Black; Set of 2; 8 and 9 Inch,VERIFIED,IN_STOCK,2026-08-16,2026-08-16,ACTIVE,READY,"Live-verified 2026-08-16 and activated; tracking_id rioaffiliate-21."
BATHROOM_SHELF_001,CMP_BATHROOM_SHELF_001,"EUDELE Aluminium Pack of 2, Self Adhesive Bathroom Shelf, No-Drill, Black",amazon.in,B0GYYRR5JB,Black; Aluminium; Pack of 2; No-Drill Self-Adhesive,https://www.amazon.in/dp/B0GYYRR5JB,"EUDELE Aluminium Self-Adhesive Bathroom Shelf, No-Drill Wall Mount (Pack of 2, Black)",Black; Aluminium; Pack of 2; No-Drill Self-Adhesive,"EUDELE Aluminium Self-Adhesive Bathroom Shelf, No-Drill Wall Mount (Pack of 2, Black)",Black; Aluminium; Pack of 2; No-Drill Self-Adhesive,VERIFIED,IN_STOCK,2026-08-16,2026-08-16,ACTIVE,READY,"Live-verified 2026-08-16 and activated; tracking_id rioaffiliate-21."
BATHROOM_NODRILL_001,CMP_BATHROOM_NODRILL_001,"House of VIPA Wall Mounted Bathroom Shelf Organizer, 2-Tier with 4 Hooks, No-Drill",amazon.in,B0C85CTXTC,2-Tier; Plastic; 4 Hooks; No-Drill Adhesive,https://www.amazon.in/dp/B0C85CTXTC,"House of VIPA 2-Tier Wall Mounted Bathroom Shelf with 4 Hooks, No-Drill Adhesive",2-Tier; Plastic; 4 Hooks; No-Drill Adhesive,"House of VIPA 2-Tier Wall Mounted Bathroom Shelf with 4 Hooks, No-Drill Adhesive",2-Tier; Plastic; 4 Hooks; No-Drill Adhesive,VERIFIED,IN_STOCK,2026-08-16,2026-08-16,ACTIVE,READY,"Live-verified 2026-08-16 and activated; tracking_id rioaffiliate-21."
HOMEOFFICE_CABLE_001,CMP_HOMEOFFICE_CABLE_001,"Joomouney Under Desk Cable Organizer Rack, Metal, Screw-Fixed Adjustable",amazon.in,B0FPB73FPZ,Metal; Screw-Fixed; Adjustable Under-Desk Tray,https://www.amazon.in/dp/B0FPB73FPZ,"Joomouney Metal Under-Desk Cable Organizer Rack, Adjustable Screw-Fixed Tray",Metal; Screw-Fixed; Adjustable Under-Desk Tray,"Joomouney Metal Under-Desk Cable Organizer Rack, Adjustable Screw-Fixed Tray",Metal; Screw-Fixed; Adjustable Under-Desk Tray,VERIFIED,IN_STOCK,2026-08-16,2026-08-16,ACTIVE,READY,"Live-verified 2026-08-16 and activated; tracking_id rioaffiliate-21."
BALCONY_BROOM_001,CMP_BALCONY_BROOM_001,"Chillyfit Broom Holder Wall Mounted, Mop and Broomstick Stand, 5 Slots + 6 Hooks",amazon.in,B0CSBD2WYQ,Gray; Polypropylene; 5 Slots + 6 Hanger Hooks; Wall Mounted,https://www.amazon.in/dp/B0CSBD2WYQ,Chillyfit Wall-Mounted Broom & Mop Holder for Balcony/Utility Areas (5 Slots + 6 Hooks),Gray; Polypropylene; 5 Slots + 6 Hanger Hooks; Wall Mounted,Chillyfit Wall-Mounted Broom & Mop Holder for Balcony/Utility Areas (5 Slots + 6 Hooks),Gray; Polypropylene; 5 Slots + 6 Hanger Hooks; Wall Mounted,VERIFIED,IN_STOCK,2026-08-16,2026-08-16,ACTIVE,READY,"Live-verified 2026-08-16 and activated; tracking_id rioaffiliate-21."
BABY_CORNERGUARD_001,CMP_BABY_CORNERGUARD_001,"AMAZARA Baby Corner Guards, Pre-Taped 3M Adhesive, 10 Pcs, Brown",amazon.in,B07NSQFTLH,Brown; 10 Pcs; Pre-Taped 3M Adhesive,https://www.amazon.in/dp/B07NSQFTLH,"AMAZARA Baby Corner Guards – Pre-Taped Safety Edge Protectors (10 Pcs, Brown)",Brown; 10 Pcs; Pre-Taped 3M Adhesive,"AMAZARA Baby Corner Guards – Pre-Taped Safety Edge Protectors (10 Pcs, Brown)",Brown; 10 Pcs; Pre-Taped 3M Adhesive,VERIFIED,IN_STOCK,2026-08-17,2026-08-17,ACTIVE,READY,"Live-verified 2026-08-17 and activated; tracking_id rioaffiliate-21."
BABY_SAFETYGATE_001,CMP_BABY_SAFETYGATE_001,"Safe-O-Kid Adjustable Baby Safety Gate, No-Drill, 75-95cm, Grey",amazon.in,B0BHJDRK1G,75-95cm; Grey; No-Drill Pressure-Mounted,https://www.amazon.in/dp/B0BHJDRK1G,"Safe-O-Kid Adjustable Baby Safety Gate – No-Drill, Pressure-Mounted (75-95cm, Grey)",75-95cm; Grey; No-Drill Pressure-Mounted,"Safe-O-Kid Adjustable Baby Safety Gate – No-Drill, Pressure-Mounted (75-95cm, Grey)",75-95cm; Grey; No-Drill Pressure-Mounted,VERIFIED,IN_STOCK,2026-08-17,2026-08-17,ACTIVE,READY,"Live-verified 2026-08-17 and activated; tracking_id rioaffiliate-21."
BABY_CABINETLOCK_001,CMP_BABY_CABINETLOCK_001,"KidDough Furniture Safety Locks, 3M Adhesive, 10 Locks, Brown",amazon.in,B0CC36YVXH,Brown; 10 Locks; 3M Adhesive,https://www.amazon.in/dp/B0CC36YVXH,"KidDough Furniture Safety Locks for Drawers, Cabinets, Fridge (10 Locks, Brown)",Brown; 10 Locks; 3M Adhesive,"KidDough Furniture Safety Locks for Drawers, Cabinets, Fridge (10 Locks, Brown)",Brown; 10 Locks; 3M Adhesive,VERIFIED,IN_STOCK,2026-09-27,2026-09-27,ACTIVE,READY,"Fresh re-verification 2026-09-27: ASIN/product/variant matched; recent indexed source reports in-stock and sold by Amazon India. Evidence receipt: data/offer_reverification_2026-09-27.md; tracking_id rioaffiliate-21."
BABY_SOCKETCOVER_001,CMP_BABY_SOCKETCOVER_001,"PROTOWARE Electric Socket Plug Guards, Pack of 12, White",amazon.in,B0829RL6Z5,White; Pack of 12 (10x 5A + 2x 15A + 1 removal pin),https://www.amazon.in/dp/B0829RL6Z5,PROTOWARE 12-Piece Electric Socket Plug Guards with Removal Pin (White),White; Pack of 12 (10x 5A + 2x 15A + 1 removal pin),PROTOWARE 12-Piece Electric Socket Plug Guards with Removal Pin (White),White; Pack of 12 (10x 5A + 2x 15A + 1 removal pin),VERIFIED,IN_STOCK,2026-09-27,2026-09-27,ACTIVE,READY,"Fresh re-verification 2026-09-27: current Amazon.in price-tracking evidence matched ASIN/product/variant. Evidence receipt: data/offer_reverification_2026-09-27.md; tracking_id rioaffiliate-21."
WARDROBE_DRAWERORG_001,CMP_WARDROBE_DRAWERORG_001,"XMART INDIA Drawer/Closet Organizers, Set of 4, Multicolor",amazon.in,B0DBVV3FYQ,Multicolor; Set of 4; Plastic,https://www.amazon.in/dp/B0DBVV3FYQ,"XMART INDIA Drawer & Closet Organizers for Wardrobes (Set of 4, Multicolor)",Multicolor; Set of 4; Plastic,"XMART INDIA Drawer & Closet Organizers for Wardrobes (Set of 4, Multicolor)",Multicolor; Set of 4; Plastic,VERIFIED,IN_STOCK,2026-09-27,2026-09-27,ACTIVE,READY,"Fresh re-verification 2026-09-27: ASIN/product/variant matched; recent indexed source reports in-stock and sold by Amazon India. Evidence receipt: data/offer_reverification_2026-09-27.md; tracking_id rioaffiliate-21."
UNDERBED_STORAGEBAG_001,CMP_UNDERBED_STORAGEBAG_001,"Storite 2-Pack Moisture-Proof Underbed Storage Bags, RedBlack, 69L each",amazon.in,B07B8K3RQK,RedBlack; 2 Pack; 69L each,https://www.amazon.in/dp/B07B8K3RQK,"Storite 2-Pack Moisture-Proof Nylon Underbed Storage Bags (69L each, RedBlack)",RedBlack; 2 Pack; 69L each,"Storite 2-Pack Moisture-Proof Nylon Underbed Storage Bags (69L each, RedBlack)",RedBlack; 2 Pack; 69L each,VERIFIED,IN_STOCK,2026-09-27,2026-09-27,ACTIVE,READY,"Fresh re-verification 2026-09-27: ASIN/product/variant matched; recent indexed source reports in-stock and sold by Amazon India. Evidence receipt: data/offer_reverification_2026-09-27.md; tracking_id rioaffiliate-21."
FOLDABLE_LAPDESK_001,CMP_FOLDABLE_LAPDESK_001,"TARKAN Stud Foldable Wooden Mini Lapdesk, Black",amazon.in,B07JMWTDBH,Black; Engineered Wood,https://www.amazon.in/dp/B07JMWTDBH,"TARKAN Stud Foldable Wooden Mini Lapdesk for Couch, Sofa Bed (Black)",Black; Engineered Wood,"TARKAN Stud Foldable Wooden Mini Lapdesk for Couch, Sofa Bed (Black)",Black; Engineered Wood,VERIFIED,IN_STOCK,2026-09-27,2026-09-27,ACTIVE,READY,"Fresh re-verification 2026-09-27: exact ASIN/product identity matched current indexed listing; official TARKAN catalog states it is synced with the official Amazon.in storefront and checkout occurs on Amazon.in. Evidence receipt: data/offer_reverification_2026-09-27.md; tracking_id rioaffiliate-21."